{"cameraMode":{"drawMode":0,"name":"Shaded","section":"Shading Mode"},"sceneLighting":true,"audioPlay":false,"sceneViewState":{"m_AlwaysRefresh":false,"showFog":true,"showSkybox":true,"showFlares":true,"showImageEffects":true,"showParticleSystems":true,"showVisualEffectGraphs":true,"m_FxEnabled":true},"in2DMode":false,"pivot":{"x":-0.31384652853012087,"y":1.9428492784500123,"z":0.01265716552734375},"rotation":{"x":-0.04488375037908554,"y":-0.9479272365570068,"z":0.1549219936132431,"w":-0.27463266253471377},"size":13.112462997436524,"orthographic":false}